<?xml version="1.0" encoding="UTF-8"?>
<!DOCTYPE beans PUBLIC "-//SPRING//DTD BEAN 2.0//EN"
			"http://www.springframework.org/dtd/spring-beans-2.0.dtd">
<beans>
<bean name="tb" class="mypack.TestBean">
<property name="dataSource" ref="d"></property>
</bean>
<bean name="d" class="org.springframework.jdbc.datasource.DriverManagerDataSource">
<property name="driverClassName" value="oracle.jdbc.driver.OracleDriver"></property>
<property name="url" value="jdbc:oracle:thin:@localhost:1521:xe"></property>
<property name="username" value="system"></property>
<property name="password" value="root"></property>
</bean>
</beans>